{
    "Version": "2.1.37.5",
    "Names": {
        "ADP": [
            "ADP",
            "Андорска пезета"
        ],
        "AED": [
            "AED",
            "Уједињени арапски емирати дирхам"
        ],
        "AFA": [
            "AFA",
            "Авганистански авган (1927–2002)"
        ],
        "AFN": [
            "AFN",
            "Авганистански авган"
        ],
        "ALL": [
            "ALL",
            "Албански лек"
        ],
        "AMD": [
            "AMD",
            "Јерменски драм"
        ],
        "ANG": [
            "ANG",
            "Холандски антили гилдер"
        ],
        "AOA": [
            "AOA",
            "анголска кванза"
        ],
        "AOK": [
            "AOK",
            "анголијска кванза (1977–1990)"
        ],
        "AON": [
            "AON",
            "Анголијска нова кванза (1990–2000)"
        ],
        "AOR": [
            "AOR",
            "Анголска кванза реађустадо (1995–1999)"
        ],
        "ARA": [
            "ARA",
            "Аргентински аустрал"
        ],
        "ARP": [
            "ARP",
            "аргентински пезо (1983–1985)"
        ],
        "ARS": [
            "ARS",
            "аргентински пезо"
        ],
        "ATS": [
            "ATS",
            "Аустријски шилинг"
        ],
        "AUD": [
            "A$",
            "Аустралијски долар"
        ],
        "AWG": [
            "AWG",
            "Арубански флорин"
        ],
        "AZM": [
            "AZM",
            "Азербејџански манат (1993–2006)"
        ],
        "AZN": [
            "AZN",
            "Азербејџански манат"
        ],
        "BAD": [
            "BAD",
            "Босанско-Херцеговачки динар"
        ],
        "BAM": [
            "КМ",
            "Конвертибилна марка"
        ],
        "BBD": [
            "BBD",
            "Барбадошки долар"
        ],
        "BDT": [
            "BDT",
            "Бангладешка така"
        ],
        "BEC": [
            "BEC",
            "Белгијски франак (конвертибилни)"
        ],
        "BEF": [
            "BEF",
            "Белгијски франак"
        ],
        "BEL": [
            "BEL",
            "Белгијски франак (финансијски)"
        ],
        "BGL": [
            "BGL",
            "Бугарски тврди лев"
        ],
        "BGN": [
            "BGN",
            "Бугарски лев"
        ],
        "BHD": [
            "BHD",
            "Бахреински динар"
        ],
        "BIF": [
            "BIF",
            "Бурундски франак"
        ],
        "BMD": [
            "BMD",
            "Бермудски долар"
        ],
        "BND": [
            "BND",
            "Брунејски долар"
        ],
        "BOB": [
            "BOB",
            "Боливијски Боливиано"
        ],
        "BOP": [
            "BOP",
            "Боливијски пезо"
        ],
        "BOV": [
            "BOV",
            "Боливијски мвдол"
        ],
        "BRB": [
            "BRB",
            "Бразилски нови крузеиро (1967–1986)"
        ],
        "BRC": [
            "BRC",
            "Бразилијски крузадо"
        ],
        "BRE": [
            "BRE",
            "Бразилски крузеиро (1990–1993)"
        ],
        "BRL": [
            "R$",
            "Бразилски Реал"
        ],
        "BRN": [
            "BRN",
            "Бразилијски нови крузадо"
        ],
        "BRR": [
            "BRR",
            "Бразилски крузеиро"
        ],
        "BSD": [
            "BSD",
            "Бахамски долар"
        ],
        "BTN": [
            "BTN",
            "Бутански нгултрум"
        ],
        "BUK": [
            "BUK",
            "Бурмански кјат"
        ],
        "BWP": [
            "BWP",
            "Боцванска пула"
        ],
        "BYB": [
            "BYB",
            "Белоруска нова рубља (1994–1999)"
        ],
        "BYN": [
            "BYN",
            "Белоруска рубља"
        ],
        "BYR": [
            "BYR",
            "Белоруска рубља (2000–2016)"
        ],
        "BZD": [
            "BZD",
            "Белизе долар"
        ],
        "CAD": [
            "CA$",
            "Канадски долар"
        ],
        "CDF": [
            "CDF",
            "Конголски франак"
        ],
        "CHE": [
            "CHE",
            "WIR евро"
        ],
        "CHF": [
            "CHF",
            "Швајцарски франак"
        ],
        "CHW": [
            "CHW",
            "WIR франак"
        ],
        "CLF": [
            "CLF",
            "Чилеовски унидадес се фоменто"
        ],
        "CLP": [
            "CLP",
            "Чилеански пезо"
        ],
        "CNY": [
            "CN¥",
            "Кинески јуан ренминби"
        ],
        "COP": [
            "COP",
            "Колумбијски пезо"
        ],
        "COU": [
            "COU",
            "Унидад де валоршки реал"
        ],
        "CRC": [
            "CRC",
            "Костарикански колон"
        ],
        "CSD": [
            "CSD",
            "Стари српски динар"
        ],
        "CSK": [
            "CSK",
            "Чехословачка тврда круна"
        ],
        "CUC": [
            "CUC",
            "кубански конвертибилни песо"
        ],
        "CUP": [
            "CUP",
            "Кубански пезо"
        ],
        "CVE": [
            "CVE",
            "Зеленортски ескудо"
        ],
        "CYP": [
            "CYP",
            "Кипарска фунта"
        ],
        "CZK": [
            "Кч",
            "Чешка круна"
        ],
        "DDM": [
            "DDM",
            "Источно-немачка марка"
        ],
        "DEM": [
            "DEM",
            "Немачка марка"
        ],
        "DJF": [
            "DJF",
            "Џибутански франак"
        ],
        "DKK": [
            "DKK",
            "Данска круна"
        ],
        "DOP": [
            "DOP",
            "Доминикански пезо"
        ],
        "DZD": [
            "DZD",
            "Алжирски динар"
        ],
        "ECS": [
            "ECS",
            "Еквадорски сакр"
        ],
        "ECV": [
            "ECV",
            "Еквадорски унидад де валор константе"
        ],
        "EEK": [
            "EEK",
            "Естонска кроон"
        ],
        "EGP": [
            "EGP",
            "Египатска фунта"
        ],
        "ERN": [
            "ERN",
            "Еритреанска накфа"
        ],
        "ESA": [
            "ESA",
            "Шпанска пезета (рачун)"
        ],
        "ESB": [
            "ESB",
            "Шпанска пезета (конвертибилнирачун)"
        ],
        "ESP": [
            "ESP",
            "Шпанска пезета"
        ],
        "ETB": [
            "ETB",
            "етиопијски бир"
        ],
        "EUR": [
            "€",
            "Евро"
        ],
        "FIM": [
            "FIM",
            "Финска марка"
        ],
        "FJD": [
            "FJD",
            "Фиџи долар"
        ],
        "FKP": [
            "FKP",
            "Фокландска острва фунта"
        ],
        "FRF": [
            "FRF",
            "Француски франак"
        ],
        "GBP": [
            "£",
            "Британска фунта"
        ],
        "GEK": [
            "GEK",
            "Грузијски купон ларит"
        ],
        "GEL": [
            "GEL",
            "Грузијски лари"
        ],
        "GHC": [
            "GHC",
            "Гански цеди (1979–2007)"
        ],
        "GHS": [
            "GHS",
            "Гански цеди"
        ],
        "GIP": [
            "GIP",
            "Гибралташка фунта"
        ],
        "GMD": [
            "GMD",
            "Гамбијски даласи"
        ],
        "GNF": [
            "GNF",
            "Гвинејски франак"
        ],
        "GNS": [
            "GNS",
            "Гвинејски сили"
        ],
        "GQE": [
            "GQE",
            "Екваторијално-гвинејски еквеле"
        ],
        "GRD": [
            "GRD",
            "Грчка драхма"
        ],
        "GTQ": [
            "GTQ",
            "Гватемалски квецал"
        ],
        "GWE": [
            "GWE",
            "португалска гвинеја ескудо"
        ],
        "GWP": [
            "GWP",
            "Гвинеја Бисао Пезо"
        ],
        "GYD": [
            "GYD",
            "Гујански долар"
        ],
        "HKD": [
            "HK$",
            "Хонгконшки долар"
        ],
        "HNL": [
            "HNL",
            "Хондурашка лемпира"
        ],
        "HRD": [
            "HRD",
            "Хрватски динар"
        ],
        "HRK": [
            "HRK",
            "Хрватска куна"
        ],
        "HTG": [
            "HTG",
            "Хаићански гурд"
        ],
        "HUF": [
            "HUF",
            "Мађарска форинта"
        ],
        "IDR": [
            "IDR",
            "Индонезијска рупиа"
        ],
        "IEP": [
            "IEP",
            "Ирска фунта"
        ],
        "ILP": [
            "ILP",
            "Израелска фунта"
        ],
        "ILR": [
            "ILR",
            "стари израелски шекели"
        ],
        "ILS": [
            "₪",
            "Израелски нови шекел"
        ],
        "INR": [
            "₹",
            "Индијски Рупи"
        ],
        "IQD": [
            "IQD",
            "Ирачки динар"
        ],
        "IRR": [
            "IRR",
            "Ирански риал"
        ],
        "ISJ": [
            "ISJ",
            "стара исландска круна"
        ],
        "ISK": [
            "ISK",
            "Исландска круна"
        ],
        "ITL": [
            "ITL",
            "Италијанска лира"
        ],
        "JMD": [
            "JMD",
            "Јамајски долар"
        ],
        "JOD": [
            "JOD",
            "Јордански динар"
        ],
        "JPY": [
            "¥",
            "Јапански јен"
        ],
        "KES": [
            "KES",
            "Кенијски шилинг"
        ],
        "KGS": [
            "KGS",
            "Киргистански сом"
        ],
        "KHR": [
            "KHR",
            "Камбоџијски риел"
        ],
        "KMF": [
            "KMF",
            "Коморски франак"
        ],
        "KPW": [
            "KPW",
            "Севернокорејски вон"
        ],
        "KRW": [
            "₩",
            "Јужнокорејски Вон"
        ],
        "KWD": [
            "KWD",
            "Кувајтски динар"
        ],
        "KYD": [
            "KYD",
            "Кајманска острва долар"
        ],
        "KZT": [
            "KZT",
            "Казахстански тенџ"
        ],
        "LAK": [
            "LAK",
            "Лаошки кип"
        ],
        "LBP": [
            "LBP",
            "Лебанска фунта"
        ],
        "LKR": [
            "LKR",
            "Шриланкански рупи"
        ],
        "LRD": [
            "LRD",
            "Либеријски долар"
        ],
        "LSL": [
            "LSL",
            "Лесото лоти"
        ],
        "LTL": [
            "LTL",
            "Литвански литас"
        ],
        "LTT": [
            "LTT",
            "Литвански талонас"
        ],
        "LUC": [
            "LUC",
            "Луксембуршки конвертибилни франак"
        ],
        "LUF": [
            "LUF",
            "Луксембуршки франак"
        ],
        "LUL": [
            "LUL",
            "Луксембуршки финансијски франак"
        ],
        "LVL": [
            "LVL",
            "Латвијски лати"
        ],
        "LVR": [
            "LVR",
            "атвијска рубља"
        ],
        "LYD": [
            "LYD",
            "Либијски динар"
        ],
        "MAD": [
            "MAD",
            "Марокански дирхам"
        ],
        "MAF": [
            "MAF",
            "Марокански франак"
        ],
        "MDL": [
            "MDL",
            "Молдовски љу"
        ],
        "MGA": [
            "MGA",
            "Малагасијски ариари"
        ],
        "MGF": [
            "MGF",
            "Малагасијски франак"
        ],
        "MKD": [
            "MKD",
            "Македонски денар"
        ],
        "MLF": [
            "MLF",
            "Малијански франак"
        ],
        "MMK": [
            "MMK",
            "Мјанмашки кјат"
        ],
        "MNT": [
            "MNT",
            "Монголски тугрик"
        ],
        "MOP": [
            "MOP",
            "Маканишка патака"
        ],
        "MRO": [
            "MRO",
            "Мауританијска угвија"
        ],
        "MTL": [
            "MTL",
            "Малтешка лира"
        ],
        "MTP": [
            "MTP",
            "Малтешка фунта"
        ],
        "MUR": [
            "MUR",
            "Маурицијски рупи"
        ],
        "MVR": [
            "MVR",
            "Малдивијска руфија"
        ],
        "MWK": [
            "MWK",
            "Малавијска квача"
        ],
        "MXN": [
            "MX$",
            "Мексички пезо"
        ],
        "MXP": [
            "MXP",
            "Мексички сребрни пезо (1861–1992)"
        ],
        "MXV": [
            "MXV",
            "Мексички унидад де инверсион (UDI)"
        ],
        "MYR": [
            "MYR",
            "Малезијски ринггит"
        ],
        "MZE": [
            "MZE",
            "Мозамбијски ескудо"
        ],
        "MZM": [
            "MZM",
            "Стари мозамбијски метикал"
        ],
        "MZN": [
            "MZN",
            "Мозамбијски метикал"
        ],
        "NAD": [
            "NAD",
            "намбијски долар"
        ],
        "NGN": [
            "NGN",
            "Нигеријска наира"
        ],
        "NIC": [
            "NIC",
            "Никарагванска кордоба"
        ],
        "NIO": [
            "NIO",
            "Никарагванска златна кордоба"
        ],
        "NLG": [
            "NLG",
            "Холандски гулден"
        ],
        "NOK": [
            "NOK",
            "Норвешка круна"
        ],
        "NPR": [
            "NPR",
            "Непалски рупи"
        ],
        "NZD": [
            "NZ$",
            "Новозеландски долар"
        ],
        "OMR": [
            "OMR",
            "Омански ријал"
        ],
        "PAB": [
            "PAB",
            "Панамска балбоа"
        ],
        "PEI": [
            "PEI",
            "Перуански инти"
        ],
        "PEN": [
            "PEN",
            "Перуански сол"
        ],
        "PES": [
            "PES",
            "Перуански сол (1863–1965)"
        ],
        "PGK": [
            "PGK",
            "Папуа ново-гвинејшка кина"
        ],
        "PHP": [
            "PHP",
            "Филипински пезо"
        ],
        "PKR": [
            "PKR",
            "Пакистански рупи"
        ],
        "PLN": [
            "зл",
            "Пољски злот"
        ],
        "PLZ": [
            "PLZ",
            "Пољски злоти (1950–1995)"
        ],
        "PTE": [
            "PTE",
            "Португалски ескудо"
        ],
        "PYG": [
            "PYG",
            "Парагвајски гуарни"
        ],
        "QAR": [
            "QAR",
            "Катаршки ријал"
        ],
        "RHD": [
            "RHD",
            "Родејскидолар"
        ],
        "ROL": [
            "ROL",
            "Стари румунски љу"
        ],
        "RON": [
            "RON",
            "Румунски леу"
        ],
        "RSD": [
            "дин.",
            "Српски динар"
        ],
        "RUB": [
            "RUB",
            "Руска рубља"
        ],
        "RUR": [
            "RUR",
            "Руска рубља (1991–1998)"
        ],
        "RWF": [
            "RWF",
            "Руандански франак"
        ],
        "SAR": [
            "SAR",
            "Саудијски ријал"
        ],
        "SBD": [
            "SBD",
            "Соломонско-острвски долар"
        ],
        "SCR": [
            "SCR",
            "Сејшелска рупија"
        ],
        "SDD": [
            "SDD",
            "Стари судански динар"
        ],
        "SDG": [
            "SDG",
            "Суданска фунта"
        ],
        "SDP": [
            "SDP",
            "Стара суданска фунта"
        ],
        "SEK": [
            "SEK",
            "Шведска круна"
        ],
        "SGD": [
            "SGD",
            "Сингапурски долар"
        ],
        "SHP": [
            "SHP",
            "Св. јеленска фунта"
        ],
        "SIT": [
            "SIT",
            "Словеначки толар"
        ],
        "SKK": [
            "SKK",
            "Словачка круна"
        ],
        "SLL": [
            "SLL",
            "Сијера-леоншки леоне"
        ],
        "SOS": [
            "SOS",
            "СОмалијски шилинг"
        ],
        "SRD": [
            "SRD",
            "СУринамски долар"
        ],
        "SRG": [
            "SRG",
            "Суринамски гилдер"
        ],
        "STD": [
            "STD",
            "Сао Томе и Принципе добра"
        ],
        "SUR": [
            "SUR",
            "Совјетска рубља"
        ],
        "SVC": [
            "SVC",
            "Салвадорски колон"
        ],
        "SYP": [
            "SYP",
            "Сиријска фунта"
        ],
        "SZL": [
            "SZL",
            "Свази лилангени"
        ],
        "THB": [
            "THB",
            "Таи бахт"
        ],
        "TJR": [
            "TJR",
            "Таџихистанска рубља"
        ],
        "TJS": [
            "TJS",
            "Таљихистански сомони"
        ],
        "TMM": [
            "TMM",
            "Туркменистански манат (1993–2009)"
        ],
        "TMT": [
            "TMT",
            "Туркменистански манат"
        ],
        "TND": [
            "TND",
            "Тунизијски долар"
        ],
        "TOP": [
            "TOP",
            "Тонгоншка Панга"
        ],
        "TPE": [
            "TPE",
            "Тиморшки ескудо"
        ],
        "TRL": [
            "TRL",
            "Стара турска лира"
        ],
        "TRY": [
            "Тл",
            "Турска лира"
        ],
        "TTD": [
            "TTD",
            "Тринидад тобагошки долар"
        ],
        "TWD": [
            "NT$",
            "Нови тајвански долар"
        ],
        "TZS": [
            "TZS",
            "Танзанијски шилинг"
        ],
        "UAH": [
            "UAH",
            "Украјинска хривња"
        ],
        "UAK": [
            "UAK",
            "Украјински карбованети"
        ],
        "UGS": [
            "UGS",
            "Угандски шилинг (1966–1987)"
        ],
        "UGX": [
            "UGX",
            "Угандски шилинг"
        ],
        "USD": [
            "US$",
            "Амерички долар"
        ],
        "USN": [
            "USN",
            "САД долар (следећи дан)"
        ],
        "USS": [
            "USS",
            "САД долар (исти дан)"
        ],
        "UYI": [
            "UYI",
            "Уругвајски пезо ен унидадес индексадас"
        ],
        "UYP": [
            "UYP",
            "Уругвајски пезо (1975–1993)"
        ],
        "UYU": [
            "UYU",
            "Уругвајски пезо"
        ],
        "UZS": [
            "UZS",
            "Узбекистански сом"
        ],
        "VEB": [
            "VEB",
            "Венецуелански боливар (1871–2008)"
        ],
        "VEF": [
            "VEF",
            "Венецуелански боливар"
        ],
        "VND": [
            "₫",
            "Вијетнамски донг"
        ],
        "VUV": [
            "VUV",
            "Вануатски вату"
        ],
        "WST": [
            "WST",
            "Самоанска тала"
        ],
        "XAF": [
            "FCFA",
            "CFA франак BEAC"
        ],
        "XCD": [
            "EC$",
            "Источно-карибски долар"
        ],
        "XEU": [
            "XEU",
            "Европска валутна јединица"
        ],
        "XFO": [
            "XFO",
            "Француски златни франак"
        ],
        "XFU": [
            "XFU",
            "Француски UIC-франак"
        ],
        "XOF": [
            "CFA",
            "CFA франак BCEAO"
        ],
        "XPF": [
            "CFPF",
            "CFP франак"
        ],
        "XRE": [
            "XRE",
            "RINET фонд"
        ],
        "YDD": [
            "YDD",
            "Јеменски динар"
        ],
        "YER": [
            "YER",
            "Јеменски риал"
        ],
        "YUD": [
            "YUD",
            "Југословенски тврди динар"
        ],
        "YUM": [
            "YUM",
            "Југословенски нови динар"
        ],
        "YUN": [
            "YUN",
            "Југословенски конвертибилни динар"
        ],
        "ZAL": [
            "ZAL",
            "Јужно-афрички ранд (финансијски)"
        ],
        "ZAR": [
            "ZAR",
            "Јужно-афрички ранд"
        ],
        "ZMK": [
            "ZMK",
            "Замбијска квача (1968–2012)"
        ],
        "ZMW": [
            "ZMW",
            "Замбијска квача"
        ],
        "ZRN": [
            "ZRN",
            "Заирски нови заир"
        ],
        "ZRZ": [
            "ZRZ",
            "Заирски заир"
        ],
        "ZWD": [
            "ZWD",
            "Зимбабвејски долар"
        ],
        "ZWL": [
            "ZWL",
            "Зимбабвеански долар (2009)"
        ],
        "ZWR": [
            "ZWR",
            "Зимбабвеански долар (2008)"
        ]
    }
}
