{
    "Version": "2.1.37.1",
    "Names": {
        "BRL": [
            "R$",
            "Brazilian Real"
        ],
        "CNY": [
            "CN¥",
            "Chinese Yuan Renminbi"
        ],
        "ETB": [
            "Br",
            "Itoophiyaa Birrii"
        ],
        "EUR": [
            "€",
            "Euro"
        ],
        "GBP": [
            "£",
            "British Pound"
        ],
        "INR": [
            "₹",
            "Indian Rupee"
        ],
        "JPY": [
            "JP¥",
            "Japanese Yen"
        ],
        "RUB": [
            "RUB",
            "Russian Ruble"
        ],
        "USD": [
            "US$",
            "US Dollar"
        ]
    }
}
