{
    "Version": "2.1.37.57",
    "Names": {
        "AED": [
            "AED",
            "ଯୁକ୍ତ ଆରବ ଏମିରେଟସ୍ ଦିରହାମ୍"
        ],
        "AFN": [
            "AFN",
            "ଆଫଘାନୀୟ ଆଫଘାନି"
        ],
        "ALL": [
            "ALL",
            "ଆଲବାନିୟ ଲେକ୍"
        ],
        "AMD": [
            "AMD",
            "ଅର୍ମେନିୟ ଡ୍ରାମ୍"
        ],
        "ANG": [
            "ANG",
            "ନେଦରଲ୍ୟାଣ୍ଡ୍ ଆଣ୍ଟିଲିୟ ଗୁଇଲଡେର୍"
        ],
        "AOA": [
            "AOA",
            "ଅଙ୍ଗୋଲିୟ କୱାନଜା"
        ],
        "ARS": [
            "ARS",
            "ଆର୍ଜେଣ୍ଟିନିୟ ପେସୋ"
        ],
        "AUD": [
            "A$",
            "ଅଷ୍ଟ୍ରେଲିୟ ଡଲାର୍"
        ],
        "AWG": [
            "AWG",
            "ଆରୁବିୟ ଫ୍ଲୋରିୟ"
        ],
        "AZN": [
            "AZN",
            "ଆଜେରବାଇଜାନି ମନତ୍"
        ],
        "BAM": [
            "BAM",
            "ବୋସନିଆ-ହେରଜେବୋଭିନା କନଭେରିଟେବଲ୍ ମାର୍କ"
        ],
        "BBD": [
            "BBD",
            "ବାର୍ବଡିୟ ଡଲାର୍"
        ],
        "BDT": [
            "BDT",
            "ବଙ୍ଗଳାଦେଶୀ ଟାକା"
        ],
        "BGN": [
            "BGN",
            "ବଲଗେରୀୟ ଲେଭ୍"
        ],
        "BHD": [
            "BHD",
            "ବାହରାଇନି ଦିନାର"
        ],
        "BIF": [
            "BIF",
            "ବୁରୁନଡିୟ ଫ୍ରାଙ୍କ୍"
        ],
        "BMD": [
            "BMD",
            "ବେରମୁଣ୍ଡିୟ ଡଲାର୍"
        ],
        "BND": [
            "BND",
            "ବ୍ରୁନେଇ ଡଲାର୍"
        ],
        "BOB": [
            "BOB",
            "ବୋଲିଭିୟ ବୋଲିଭିଆନୋ"
        ],
        "BRL": [
            "R$",
            "ବ୍ରାଜିଲିୟ ପ୍ରକୃତ"
        ],
        "BSD": [
            "BSD",
            "ବାହାମିୟ ଡଲାର୍"
        ],
        "BTN": [
            "BTN",
            "ଭୁଟାନୀୟ ନଗୁଲଟ୍ରୁମ୍"
        ],
        "BWP": [
            "BWP",
            "ବୋଟସୱାନିୟ ପୁଲା"
        ],
        "BYN": [
            "BYN",
            "ବେଲାରୁସିୟ ରୁବଲେ"
        ],
        "BZD": [
            "BZD",
            "ବେଲିଜେ ଡଲାର୍"
        ],
        "CAD": [
            "CA$",
            "କାନେଡିୟ ଡଲାର୍"
        ],
        "CDF": [
            "CDF",
            "କୋନଗୋଲେସେ ଫ୍ରାଙ୍କ୍"
        ],
        "CHF": [
            "CHF",
            "ସୁଇସ୍ ଫ୍ରାଙ୍କ୍"
        ],
        "CLP": [
            "CLP",
            "ଚିଲିୟ ପେସୋ"
        ],
        "CNH": [
            "CNH",
            "ଚୀନିୟ ୟୁଆନ୍ (ଅଫସୋର୍)"
        ],
        "CNY": [
            "CN¥",
            "ଚିନୀୟ ୟୁଆନ୍"
        ],
        "COP": [
            "COP",
            "କଲୋମ୍ଵିୟ ପେସୋ"
        ],
        "CRC": [
            "CRC",
            "କୋଷ୍ଟା ରିକିୟ କୋଲୋନ୍"
        ],
        "CUC": [
            "CUC",
            "କୁବାନ୍ କୋନଭେର୍ଟିବ୍ଲେ ପେସୋ"
        ],
        "CUP": [
            "CUP",
            "କୁବାନ୍ ପେସୋ"
        ],
        "CVE": [
            "CVE",
            "କେପ୍ ଭେର୍ଦେୟ ଏସକୁଡୋ"
        ],
        "CZK": [
            "CZK",
            "ଚେକ୍ କୋରୁନା"
        ],
        "DJF": [
            "DJF",
            "ଡଜିବୌଟିୟ ଫ୍ରାଙ୍କ୍"
        ],
        "DKK": [
            "DKK",
            "ଦାନିସ୍ କ୍ରୋନେ"
        ],
        "DOP": [
            "DOP",
            "ଡୋମିନିକିୟ ପେସୋ"
        ],
        "DZD": [
            "DZD",
            "ଆଲଗେରିୟ ଦିନାର୍"
        ],
        "EGP": [
            "EGP",
            "ଇଜିପ୍ଟିୟ ପାଉଣ୍ଡ୍"
        ],
        "ERN": [
            "ERN",
            "ଏରିଟ୍ରେୟ ନାକଫା"
        ],
        "ETB": [
            "ETB",
            "ଏଥିଓପିୟୋ ବିର୍"
        ],
        "EUR": [
            "€",
            "ୟୁରୋ"
        ],
        "FJD": [
            "FJD",
            "ଫିଜିୟ ଡଲାର୍"
        ],
        "FKP": [
            "FKP",
            "ଫାଲ୍କଲ୍ୟାଣ୍ଡ୍ ଦ୍ଵୀପପୁଞ୍ଜ ପାଉଣ୍ଡ୍"
        ],
        "GBP": [
            "£",
            "ବ୍ରିଟିସ୍ ପାଉଣ୍ଡ୍"
        ],
        "GEL": [
            "GEL",
            "ଜର୍ଜିୟ ଲାରି"
        ],
        "GHS": [
            "GHS",
            "ଘାନିୟ ସେଡି"
        ],
        "GIP": [
            "GIP",
            "ଗିବ୍ରାଲଟାର୍ ପାଉଣ୍ଡ୍"
        ],
        "GMD": [
            "GMD",
            "ଗାମବିୟ ଡାଲାସି"
        ],
        "GNF": [
            "GNF",
            "ଗୁଇନେୟ ଫ୍ରାଙ୍କ୍"
        ],
        "GTQ": [
            "GTQ",
            "ଗୁଏତେମାଲିୟ କ୍ଵେତଜାଲ୍"
        ],
        "GYD": [
            "GYD",
            "ଗୁୟାନାଏସେ ଡଲାର୍"
        ],
        "HKD": [
            "HK$",
            "ହଂ କଂ ଡଲାର୍"
        ],
        "HNL": [
            "HNL",
            "ହୋଣ୍ଡୁରିୟ ଲେମପିରା"
        ],
        "HRK": [
            "HRK",
            "କ୍ରୋଆଟିୟ କୁନା"
        ],
        "HTG": [
            "HTG",
            "ହାଇତିୟ ଗୌରଡେ"
        ],
        "HUF": [
            "HUF",
            "ହଙ୍ଗେରିୟ ଫୋରିଣ୍ଟ"
        ],
        "IDR": [
            "IDR",
            "ଇଣ୍ଡୋନେସିୟ ରୁପିଆହ"
        ],
        "ILS": [
            "₪",
            "ଇସ୍ରାଇଲି ନ୍ୟୁ ସେକେଲ୍"
        ],
        "INR": [
            "₹",
            "ଟଙ୍କା"
        ],
        "IQD": [
            "IQD",
            "ଇରାକି ଦିନାର୍"
        ],
        "IRR": [
            "IRR",
            "ଇରିୟ ରିଆଲ୍"
        ],
        "ISK": [
            "ISK",
            "ଆଇସଲ୍ୟାଣ୍ଡିୟ କ୍ରୋନା"
        ],
        "JMD": [
            "JMD",
            "ଜାମାଇକିୟ ଡଲାର୍"
        ],
        "JOD": [
            "JOD",
            "ଜର୍ଡିୟାନ୍ ଦିନାର୍"
        ],
        "JPY": [
            "¥",
            "ଜାପାନୀୟ ୟେନ୍"
        ],
        "KES": [
            "KES",
            "କେନୟାନ୍ ସିଲିଂ"
        ],
        "KGS": [
            "KGS",
            "କ୍ୟାରଗ୍ୟସ୍ତାନିୟ ସୋମ୍"
        ],
        "KHR": [
            "KHR",
            "କାମ୍ଵୋଡିୟ ରିଏଲ୍"
        ],
        "KMF": [
            "KMF",
            "କୋମୋରିୟ ଫ୍ରାଙ୍କ୍"
        ],
        "KPW": [
            "KPW",
            "ପଶ୍ଚିମ କୋରିୟ ୱୋନ୍"
        ],
        "KRW": [
            "₩",
            "ଦକ୍ଷିଣ କୋରିୟ ୱୋନ୍"
        ],
        "KWD": [
            "KWD",
            "କୁୱେତି ଦିନାର"
        ],
        "KYD": [
            "KYD",
            "କାୟମାନ୍ ଦ୍ଵୀପପୁଞ୍ଜ ଡଲାର୍"
        ],
        "KZT": [
            "KZT",
            "କାଜାଖସ୍ତାନିୟ ତେନଗେ"
        ],
        "LAK": [
            "LAK",
            "ଲାଓଟିୟ କିପ୍"
        ],
        "LBP": [
            "LBP",
            "ଲେବାନେସେ ପାଉଣ୍ଡ୍"
        ],
        "LKR": [
            "LKR",
            "ଶ୍ରୀଲଙ୍କିୟ ରୁପି"
        ],
        "LRD": [
            "LRD",
            "ଲିବେରିୟ ଡଲାର୍"
        ],
        "LYD": [
            "LYD",
            "ଲିବ୍ୟ ଦିନାର୍"
        ],
        "MAD": [
            "MAD",
            "ମୋରୋକିୟ ଡିରହାମ୍"
        ],
        "MDL": [
            "MDL",
            "ମୋଲଡୋଭାନ୍ ଲେୟୁ"
        ],
        "MGA": [
            "MGA",
            "ମାଲାଗାସେ ଆରିଆରେ"
        ],
        "MKD": [
            "MKD",
            "ମାସେଡୋନିୟ ଡିନାର୍"
        ],
        "MMK": [
            "MMK",
            "ମ୍ୟାନମାର୍ କ୍ୟାଟ୍"
        ],
        "MNT": [
            "MNT",
            "ମଙ୍ଗୋଳିୟ ତୁଗ୍ରିକ୍"
        ],
        "MOP": [
            "MOP",
            "ମାକାନେସିୟ ପାଟାକା"
        ],
        "MRO": [
            "MRO",
            "ମାଉରିଟାନିୟ ଓୟୁଗୁଇୟା"
        ],
        "MUR": [
            "MUR",
            "ମୌରିସିୟ ରୁପି"
        ],
        "MVR": [
            "MVR",
            "ମାଲଡିଭିୟ ରୁଫିୟା"
        ],
        "MWK": [
            "MWK",
            "ମଲୱିୟ କୱାଚା"
        ],
        "MXN": [
            "MX$",
            "ମେକ୍ସିକିୟ ପେସୋ"
        ],
        "MYR": [
            "MYR",
            "ମାଲେସିୟ ରିଂଇଟ୍"
        ],
        "MZN": [
            "MZN",
            "ମୋଜାମବିକାନ୍ ମେଟିକାଲ୍"
        ],
        "NAD": [
            "NAD",
            "ନାମିବିୟ ଡଲାର୍"
        ],
        "NGN": [
            "NGN",
            "ନାଇଜେରିୟ ନାଇରା"
        ],
        "NIO": [
            "NIO",
            "ନିକାରାଗୁଆନ୍ କୋର୍ଡୋବା"
        ],
        "NOK": [
            "NOK",
            "ନରୱେଜିୟ କ୍ରୋନେ"
        ],
        "NPR": [
            "NPR",
            "ନେପାଳିୟ ରୁପି"
        ],
        "NZD": [
            "NZ$",
            "ନ୍ୟୁଜଲ୍ୟାଣ୍ଡ୍ ଡଲାର୍"
        ],
        "OMR": [
            "OMR",
            "ଓମାନି ରିଆଲ୍"
        ],
        "PAB": [
            "PAB",
            "ପାନାମାନିୟ ବାଲବୋଆ"
        ],
        "PEN": [
            "PEN",
            "ପେରୁଭିୟ ସୋଲ୍"
        ],
        "PGK": [
            "PGK",
            "ପପୁଆ ନ୍ୟୁ ଗୁଇନିୟ କିନା"
        ],
        "PHP": [
            "PHP",
            "ଫିଲିପିନି ପେସୋ"
        ],
        "PKR": [
            "PKR",
            "ପାକିସ୍ତାନି ରୁପି"
        ],
        "PLN": [
            "PLN",
            "ପୋଲିସ୍ ଜଲୋଟି"
        ],
        "PYG": [
            "PYG",
            "ପାରାଗୁଆୟାନ୍ ଗୁଆରାନି"
        ],
        "QAR": [
            "QAR",
            "କ୍ଵାତାରି ରିଆଲ୍"
        ],
        "RON": [
            "RON",
            "ରୋମାନିୟ ଲେଉ"
        ],
        "RSD": [
            "RSD",
            "ସର୍ବିୟ ଦିନାର୍"
        ],
        "RUB": [
            "RUB",
            "ଋଷିୟ ରୁବଲେ"
        ],
        "RWF": [
            "RWF",
            "ରୱାନାଦାନ୍ ଫ୍ରାଙ୍କ୍"
        ],
        "SAR": [
            "SAR",
            "ସୌଦି ରିୟାଲ୍"
        ],
        "SBD": [
            "SBD",
            "ସୋଲୋମୋନ ଦ୍ଵୀପପୁଞ୍ଜ ଡଲାର୍"
        ],
        "SCR": [
            "SCR",
            "ସେୟଚେଲୋଇସ୍ ରୁପି"
        ],
        "SDG": [
            "SDG",
            "ସୁଦାନୀୟ ପାଉଣ୍ଡ୍"
        ],
        "SEK": [
            "SEK",
            "ସ୍ୱେଡିୟ କ୍ରୋନା"
        ],
        "SGD": [
            "SGD",
            "ସିଂଗାପୁର୍ ଡଲାର୍"
        ],
        "SHP": [
            "SHP",
            "ସେଣ୍ଟ୍. ହେଲେନା ପାଉଣ୍ଡ୍"
        ],
        "SLL": [
            "SLL",
            "ସିଏରା ଲେଓନେଆନ୍ ଲେଓନି"
        ],
        "SOS": [
            "SOS",
            "ସୋମାଲି ସିଲିଂ"
        ],
        "SRD": [
            "SRD",
            "ସୁରିନାମେସେ ଡଲାର୍"
        ],
        "SSP": [
            "SSP",
            "ଦକ୍ଷିଣ ସୁଦାନେସେ ପାଉଣ୍ଡ୍"
        ],
        "STD": [
            "STD",
            "ସାଓ ଟୋମେ ଏବଂ ପ୍ରିସିପେ ଡୋବ୍ରା"
        ],
        "SYP": [
            "SYP",
            "ସିରିୟ ପାଉଣ୍ଡ୍"
        ],
        "SZL": [
            "SZL",
            "ସ୍ଵାଜି ଲିଲାନଜେନି"
        ],
        "THB": [
            "THB",
            "ଥାଇ ବାହତ୍"
        ],
        "TJS": [
            "TJS",
            "ତାଜିକିସ୍ତାନିୟ ସୋମୋନି"
        ],
        "TMT": [
            "TMT",
            "ତୁର୍କମେନିସ୍ତାନିୟ ମନତ"
        ],
        "TND": [
            "TND",
            "ତୁନିସିୟ ଦିନାର୍"
        ],
        "TOP": [
            "TOP",
            "ତୋନଗିୟ ପାଙ୍ଗ୍"
        ],
        "TRY": [
            "TRY",
            "ତୁର୍କିୟ ଲିରା"
        ],
        "TTD": [
            "TTD",
            "ଟ୍ରିନିଡାଡ୍ ଏବଂ ଟୋବାଗୋ ଡଲାର୍"
        ],
        "TWD": [
            "NT$",
            "ନ୍ୟୁ ତାଇୱାନ୍ ଡଲାର୍"
        ],
        "TZS": [
            "TZS",
            "ତାନଜାନିୟ ସିଲିଂ"
        ],
        "UAH": [
            "UAH",
            "ୟୁକ୍ରେନିୟ ହରୟଭନିଆ"
        ],
        "UGX": [
            "UGX",
            "ୟୁଗାନଡିୟ ସିଲିଂ"
        ],
        "USD": [
            "$",
            "ଯୁକ୍ତରାଷ୍ଟ୍ର ଡଲାର୍"
        ],
        "UYU": [
            "UYU",
            "ୟୁରୁଗୁଆୟାନ୍ ପେସୋ"
        ],
        "UZS": [
            "UZS",
            "ଉଜବେକିସ୍ତାନିୟ ସୋମ୍"
        ],
        "VEF": [
            "VEF",
            "ଭେନେଜୁଏଲାନ୍ ବୋଲିଭାର୍"
        ],
        "VND": [
            "₫",
            "ଭୀଏତନାମୀୟ ଡଂ"
        ],
        "VUV": [
            "VUV",
            "ଭାନୁଆଟୁ ଭାଟୁ"
        ],
        "WST": [
            "WST",
            "ସମୋୟ ତାଲା"
        ],
        "XAF": [
            "FCFA",
            "କେନ୍ଦ୍ରୀୟ ଆଫ୍ରିକିୟ CFA ଫ୍ରାଙ୍କ୍"
        ],
        "XCD": [
            "EC$",
            "ପୂର୍ବ କାରିବିୟ ଡଲାର୍"
        ],
        "XOF": [
            "CFA",
            "ପଶ୍ଚିମ ଆଫ୍ରିକିୟ CFA ଫ୍ରାଙ୍କ୍"
        ],
        "XPF": [
            "CFPF",
            "CFP ଫ୍ରାଙ୍କ୍"
        ],
        "YER": [
            "YER",
            "ୟେମେନି ରିଆଲ୍"
        ],
        "ZAR": [
            "ZAR",
            "ଦକ୍ଷିଣ ଆଫ୍ରିକିୟ ରାଣ୍ଡ୍"
        ],
        "ZMW": [
            "ZMW",
            "ଜମ୍ଵିୟ କୱାଚା"
        ]
    }
}
