{
    "Version": "2.1.37.1",
    "Names": {
        "BRL": [
            "R$",
            "Бразилиаг реал"
        ],
        "EUR": [
            "€",
            "Евро"
        ],
        "GBP": [
            "£",
            "Бритайнаг Фунт"
        ],
        "GEL": [
            "₾",
            "Лар"
        ],
        "RUB": [
            "RUB",
            "Сом"
        ],
        "USD": [
            "$",
            "АИШ-ы Доллар"
        ]
    }
}
