<?xml version="1.0" encoding="UTF-8"?>

<container xmlns="http://symfony.com/schema/dic/services"
    xmlns:xsi="http://www.w3.org/2001/XMLSchema-instance"
    xsi:schemaLocation="http://symfony.com/schema/dic/services http://symfony.com/schema/dic/services/services-1.0.xsd">

    <services>
        <defaults public="false" />

        <service id="security.acl.object_identity_retrieval_strategy" class="Symfony\Component\Security\Acl\Domain\ObjectIdentityRetrievalStrategy" />

        <service id="security.acl.security_identity_retrieval_strategy" class="Symfony\Component\Security\Acl\Domain\SecurityIdentityRetrievalStrategy">
            <argument type="service" id="security.role_hierarchy" />
            <argument type="service" id="security.authentication.trust_resolver" />
        </service>

        <service id="security.acl.permission_granting_strategy" class="Symfony\Component\Security\Acl\Domain\PermissionGrantingStrategy">
            <call method="setAuditLogger">
                <argument type="service" id="security.acl.audit_logger" on-invalid="ignore" />
            </call>
        </service>

        <service id="security.acl.permission.map" class="Symfony\Component\Security\Acl\Permission\BasicPermissionMap" />

        <service id="security.acl.voter.basic_permissions" class="Symfony\Component\Security\Acl\Voter\AclVoter">
            <tag name="monolog.logger" channel="security" />
            <argument type="service" id="security.acl.provider" />
            <argument type="service" id="security.acl.object_identity_retrieval_strategy" />
            <argument type="service" id="security.acl.security_identity_retrieval_strategy" />
            <argument type="service" id="security.acl.permission.map" />
            <argument type="service" id="logger" on-invalid="null" />
            <tag name="security.voter" priority="255" />
        </service>
    </services>
</container>
